<?xml version="1.0" encoding="ISO-8859-1"?>
<NETSIM_ANIMATION>
 <!--NETSIM_ANIMATION-->
 <MENU NAME="IP Table" isNewScreen="false">
  <MENU NAME="WIRED_NODE_1" isNewScreen="true" FileName="Animation_WIRED_NODE_1.txt" Type="table"/>
  <MENU NAME="WIRED_NODE_2" isNewScreen="true" FileName="Animation_WIRED_NODE_2.txt" Type="table"/>
  <MENU NAME="WIRED_NODE_3" isNewScreen="true" FileName="Animation_WIRED_NODE_3.txt" Type="table"/>
  <MENU NAME="ROUTER_4" isNewScreen="true" FileName="Animation_ROUTER_4.txt" Type="table"/>
  <MENU NAME="ROUTER_5" isNewScreen="true" FileName="Animation_ROUTER_5.txt" Type="table"/>
  <MENU NAME="ROUTER_6" isNewScreen="true" FileName="Animation_ROUTER_6.txt" Type="table"/>
 </MENU>
 <MENU NAME="Transmit_packet" isNewScreen="false" FileName="Animation_Transmit_packet.txt" Type="generic"/>
</NETSIM_ANIMATION>
